epoch,train_loss,train_bce,train_mono,train_gs,train_kl,train_epoch_seconds,train_throughput,val_auc,val_acc,val_rmse,lr,peak_mem_gb
1,0.55451,0.55016,2e-05,0.00298,40.45768,321.16718,5325.401,0.73094,0.72907,0.42609,0.001,6.994
2,0.54296,0.53994,2e-05,0.00365,26.55668,364.18386,4696.37512,0.73063,0.729,0.42634,0.001,6.994
3,0.54237,0.53823,1e-05,0.00488,36.55871,492.92554,3469.78166,0.7309,0.72956,0.42586,0.001,6.994
